{
  "minecraft:recipes/decorations/crafting_table": {
    "criteria": {
      "unlock_right_away": "2024-07-15 01:55:07 +0000"
    },
    "done": true
  },
  "minecraft:adventure/adventuring_time": {
    "criteria": {
      "minecraft:windswept_hills": "2024-07-15 03:40:05 +0000",
      "minecraft:forest": "2024-07-15 03:43:49 +0000",
      "minecraft:windswept_gravelly_hills": "2024-07-15 03:40:02 +0000",
      "minecraft:plains": "2024-07-15 01:55:08 +0000"
    },
    "done": false
  },
  "DataVersion": 3463
}